{
  "urls": [
    "letrasSprite.webm",
    "letrasSprite.mp3"
  ],
  "sprite": {
    "a": [
      0,
      470.204081632653
    ],
    "b": [
      2000,
      1384.489795918367
    ],
    "c": [
      5000,
      1384.489795918367
    ],
    "d": [
      8000,
      1880.8163265306116
    ],
    "e": [
      11000,
      470.20408163265336
    ],
    "f": [
      13000,
      1515.102040816327
    ],
    "g": [
      16000,
      1306.1224489795932
    ],
    "h": [
      19000,
      626.9387755102046
    ],
    "i": [
      21000,
      548.571428571428
    ],
    "instruccion": [
      23000,
      2246.5306122448965
    ],
    "j": [
      27000,
      1567.3469387755113
    ],
    "k": [
      30000,
      522.448979591836
    ],
    "ll": [
      32000,
      1880.8163265306134
    ],
    "l": [
      35000,
      1358.3673469387777
    ],
    "m": [
      38000,
      1541.2244897959156
    ],
    "n": [
      41000,
      1645.7142857142842
    ],
    "o": [
      44000,
      600.8163265306123
    ],
    "p": [
      46000,
      705.3061224489809
    ],
    "q": [
      48000,
      574.6938775510203
    ],
    "r": [
      50000,
      1253.877551020409
    ],
    "s": [
      53000,
      1645.7142857142842
    ],
    "t": [
      56000,
      757.5510204081652
    ],
    "u": [
      58000,
      444.08163265305944
    ],
    "v": [
      60000,
      1410.6122448979618
    ],
    "x": [
      63000,
      1645.7142857142912
    ],
    "y": [
      66000,
      1462.8571428571463
    ],
    "z": [
      69000,
      1567.346938775515
    ]
  }
}