{
  "urls": [
    "appSprite.webm",
    "appSprite.mp3"
  ],
  "sprite": {
    "0": [
      19000,
      835.9183673469381
    ],
    "1": [
      21000,
      679.1836734693889
    ],
    "2": [
      23000,
      940.4081632653067
    ],
    "3": [
      25000,
      1123.2653061224482
    ],
    "4": [
      28000,
      1149.3877551020405
    ],
    "5": [
      31000,
      966.5306122448989
    ],
    "6": [
      33000,
      835.9183673469417
    ],
    "incorrecto0": [
      0,
      1332.2448979591836
    ],
    "incorrecto1": [
      3000,
      1280.0000000000002
    ],
    "bloques": [
      6000,
      809.7959183673469
    ],
    "lecturas": [
      8000,
      1410.6122448979584
    ],
    "letras": [
      11000,
      992.6530612244893
    ],
    "pares": [
      13000,
      1175.5102040816325
    ],
    "videocuentos": [
      16000,
      1671.8367346938762
    ],
    "beep": [
      35000,
      2000
    ],
    "bell": [
      38000,
      1332.2448979591854
    ],
    "risa0": [
      41000,
      757.5510204081652
    ],
    "risa1": [
      43000,
      600.8163265306123
    ],
    "risa2": [
      45000,
      522.448979591836
    ],
    "risa3": [
      47000,
      1541.2244897959156
    ],
    "risa4": [
      50000,
      1436.734693877554
    ]
  }
}