{
  "urls": [
    "lecturasSprite.webm",
    "lecturasSprite.mp3"
  ],
  "sprite": {
    "5dedos": [
      0,
      1828.5714285714284
    ],
    "abuelita": [
      3000,
      835.918367346939
    ],
    "ana": [
      5000,
      757.5510204081635
    ],
    "boltar": [
      7000,
      679.1836734693879
    ],
    "carmelita": [
      9000,
      835.9183673469381
    ],
    "carmen": [
      11000,
      496.3265306122455
    ],
    "elizabeth": [
      13000,
      783.6734693877556
    ],
    "fer-y-lizy": [
      15000,
      1306.1224489795932
    ],
    "gabriel": [
      18000,
      757.5510204081617
    ],
    "heidy": [
      20000,
      600.8163265306123
    ],
    "instruccion": [
      22000,
      4022.8571428571413
    ],
    "mama2": [
      28000,
      653.0612244897966
    ],
    "marco": [
      30000,
      679.1836734693889
    ],
    "primos": [
      32000,
      914.285714285711
    ],
    "roco": [
      34000,
      653.0612244897966
    ]
  }
}