{
  "urls": [
    "palabrasSprite.webm",
    "palabrasSprite.mp3"
  ],
  "sprite": {
    "aguacate": [
      0,
      914.2857142857142
    ],
    "boca": [
      2000,
      862.0408163265307
    ],
    "bota": [
      4000,
      914.2857142857146
    ],
    "burro": [
      6000,
      888.1632653061224
    ],
    "cama": [
      8000,
      548.571428571428
    ],
    "cania": [
      10000,
      705.3061224489792
    ],
    "cara": [
      12000,
      600.8163265306123
    ],
    "casa": [
      14000,
      600.8163265306123
    ],
    "coche": [
      16000,
      653.0612244897966
    ],
    "coco": [
      18000,
      705.3061224489809
    ],
    "codo": [
      20000,
      574.6938775510203
    ],
    "cola": [
      22000,
      574.6938775510203
    ],
    "cono": [
      24000,
      757.5510204081617
    ],
    "copa": [
      26000,
      574.6938775510203
    ],
    "coro": [
      28000,
      548.571428571428
    ],
    "cosa": [
      30000,
      600.8163265306123
    ],
    "cubo": [
      32000,
      705.3061224489809
    ],
    "cuna": [
      34000,
      522.448979591836
    ],
    "dado": [
      36000,
      548.571428571428
    ],
    "dama": [
      38000,
      679.1836734693889
    ],
    "dedo": [
      40000,
      679.1836734693889
    ],
    "dona": [
      42000,
      783.6734693877575
    ],
    "donia": [
      44000,
      783.6734693877575
    ],
    "elefante": [
      46000,
      1071.020408163264
    ],
    "foca": [
      49000,
      757.5510204081652
    ],
    "foco": [
      51000,
      809.7959183673495
    ],
    "foto": [
      53000,
      705.3061224489809
    ],
    "gallo": [
      55000,
      653.0612244897966
    ],
    "gato": [
      57000,
      783.6734693877575
    ],
    "goma": [
      59000,
      835.9183673469417
    ],
    "gota": [
      61000,
      757.5510204081652
    ],
    "helado": [
      63000,
      757.5510204081652
    ],
    "huevo": [
      65000,
      679.1836734693817
    ],
    "iguana": [
      67000,
      888.1632653061189
    ],
    "jarra": [
      69000,
      757.5510204081581
    ],
    "kiosco": [
      71000,
      835.9183673469346
    ],
    "kiosko": [
      73000,
      783.6734693877503
    ],
    "koala": [
      75000,
      783.6734693877503
    ],
    "lago": [
      77000,
      783.6734693877503
    ],
    "lana": [
      79000,
      862.0408163265267
    ],
    "lata": [
      81000,
      679.1836734693817
    ],
    "lava": [
      83000,
      731.428571428566
    ],
    "lima": [
      85000,
      731.428571428566
    ],
    "llama": [
      87000,
      731.428571428566
    ],
    "llano": [
      89000,
      783.6734693877503
    ],
    "loro": [
      91000,
      705.3061224489738
    ],
    "luna": [
      93000,
      809.7959183673424
    ],
    "lupa": [
      95000,
      809.7959183673424
    ],
    "lupe": [
      97000,
      705.3061224489738
    ],
    "mago": [
      99000,
      757.5510204081581
    ],
    "malla": [
      101000,
      757.5510204081581
    ],
    "mama": [
      103000,
      757.5510204081581
    ],
    "mani": [
      105000,
      862.0408163265267
    ],
    "mano": [
      107000,
      705.3061224489738
    ],
    "manzana": [
      109000,
      966.5306122448953
    ],
    "mapa": [
      111000,
      809.7959183673424
    ],
    "masa": [
      113000,
      835.9183673469346
    ],
    "mata": [
      115000,
      783.6734693877503
    ],
    "mesa": [
      117000,
      600.8163265306052
    ],
    "nata": [
      119000,
      757.5510204081581
    ],
    "nena": [
      121000,
      809.7959183673424
    ],
    "nido": [
      123000,
      914.285714285711
    ],
    "ninia": [
      125000,
      835.9183673469346
    ],
    "niu": [
      127000,
      653.0612244897895
    ],
    "noche": [
      129000,
      835.9183673469488
    ],
    "oca": [
      131000,
      679.1836734693959
    ],
    "ola": [
      133000,
      626.9387755102116
    ],
    "olla": [
      135000,
      548.5714285714209
    ],
    "oro": [
      137000,
      574.6938775510273
    ],
    "oso": [
      139000,
      574.6938775510273
    ],
    "paco": [
      141000,
      679.1836734693959
    ],
    "pala": [
      143000,
      600.8163265306052
    ],
    "pasa": [
      145000,
      705.3061224489738
    ],
    "pata": [
      147000,
      653.0612244897895
    ],
    "pato": [
      149000,
      600.8163265306052
    ],
    "penia": [
      151000,
      679.1836734693959
    ],
    "pera": [
      153000,
      548.5714285714209
    ],
    "perro": [
      155000,
      600.8163265306052
    ],
    "pesa": [
      157000,
      653.0612244897895
    ],
    "peso": [
      159000,
      679.1836734693959
    ],
    "pico": [
      161000,
      705.3061224489738
    ],
    "pila": [
      163000,
      600.8163265306052
    ],
    "pinia": [
      165000,
      600.8163265306052
    ],
    "piniata": [
      167000,
      1044.897959183686
    ],
    "pipa": [
      170000,
      653.0612244897895
    ],
    "piso": [
      172000,
      809.7959183673424
    ],
    "pollo": [
      174000,
      600.8163265306052
    ],
    "queso": [
      176000,
      705.3061224489738
    ],
    "rama": [
      178000,
      835.9183673469488
    ],
    "rata": [
      180000,
      783.6734693877645
    ],
    "rayo": [
      182000,
      731.4285714285802
    ],
    "roca": [
      184000,
      679.1836734693959
    ],
    "roco": [
      186000,
      783.6734693877645
    ],
    "rollo": [
      188000,
      783.6734693877645
    ],
    "ropa": [
      190000,
      757.5510204081581
    ],
    "rosa": [
      192000,
      809.7959183673424
    ],
    "roto": [
      194000,
      783.6734693877645
    ],
    "saco": [
      196000,
      809.7959183673424
    ],
    "sala": [
      198000,
      679.1836734693959
    ],
    "sapo": [
      200000,
      626.9387755102116
    ],
    "silla": [
      202000,
      914.285714285711
    ],
    "soga": [
      204000,
      783.6734693877645
    ],
    "sopa": [
      206000,
      783.6734693877645
    ],
    "tache": [
      208000,
      862.0408163265267
    ],
    "taco": [
      210000,
      679.1836734693959
    ],
    "tallo": [
      212000,
      679.1836734693959
    ],
    "tlacoyo": [
      214000,
      940.4081632653174
    ],
    "tlacuache": [
      216000,
      1044.897959183686
    ],
    "tlauache": [
      219000,
      966.5306122448953
    ],
    "tope": [
      221000,
      731.4285714285802
    ],
    "toro": [
      223000,
      470.2040816326587
    ],
    "tortuga": [
      225000,
      914.285714285711
    ],
    "tren": [
      227000,
      679.1836734693959
    ],
    "unia": [
      229000,
      600.8163265306052
    ],
    "uva": [
      231000,
      600.8163265306052
    ],
    "vaca": [
      233000,
      705.3061224489738
    ],
    "vaso": [
      235000,
      705.3061224489738
    ],
    "venado": [
      237000,
      914.285714285711
    ],
    "xochitl": [
      239000,
      914.285714285711
    ],
    "yoga": [
      241000,
      835.9183673469488
    ],
    "yoyo": [
      243000,
      757.5510204081581
    ],
    "zapata": [
      245000,
      992.6530612245017
    ],
    "zapato": [
      247000,
      966.5306122448953
    ]
  }
}