{
  "urls": [
    "silabasSprite.webm",
    "silabasSprite.mp3"
  ],
  "sprite": {
    "bo": [
      0,
      574.6938775510204
    ],
    "ca": [
      2000,
      365.71428571428567
    ],
    "che": [
      4000,
      391.8367346938778
    ],
    "co": [
      6000,
      339.5918367346935
    ],
    "cu": [
      8000,
      444.0816326530612
    ],
    "da": [
      10000,
      365.7142857142866
    ],
    "de": [
      12000,
      574.6938775510203
    ],
    "do": [
      14000,
      522.448979591836
    ],
    "fo": [
      16000,
      444.08163265305944
    ],
    "ga": [
      18000,
      391.8367346938787
    ],
    "go": [
      20000,
      522.448979591836
    ],
    "instruccion": [
      22000,
      3186.9387755102034
    ],
    "la": [
      27000,
      391.8367346938787
    ],
    "lla": [
      29000,
      444.08163265305944
    ],
    "llo": [
      31000,
      496.32653061224374
    ],
    "lu": [
      33000,
      653.0612244897966
    ],
    "ma": [
      35000,
      444.08163265305944
    ],
    "na": [
      37000,
      470.2040816326516
    ],
    "nia": [
      39000,
      470.2040816326516
    ],
    "ni": [
      41000,
      496.32653061224374
    ],
    "no": [
      43000,
      679.1836734693889
    ],
    "o": [
      45000,
      444.08163265305944
    ],
    "pa": [
      47000,
      339.59183673469084
    ],
    "pe": [
      49000,
      548.571428571428
    ],
    "pi": [
      51000,
      417.9591836734673
    ],
    "po": [
      53000,
      391.83673469387514
    ],
    "ra": [
      55000,
      548.571428571428
    ],
    "ro": [
      57000,
      470.2040816326516
    ],
    "sa": [
      59000,
      417.9591836734673
    ],
    "so": [
      61000,
      496.32653061224374
    ],
    "ta": [
      63000,
      313.4693877550987
    ],
    "to": [
      65000,
      417.9591836734744
    ],
    "u": [
      67000,
      417.9591836734744
    ],
    "va": [
      69000,
      548.5714285714351
    ],
    "yo": [
      71000,
      496.32653061225085
    ]
  }
}